name,collaborative,pid,modified_at,num_tracks,num_albums,num_followers,num_edits,duration_ms,num_artists,description
Throwbacks,false,0,1493424000,52,47,1,6,11532414,37,
Awesome Playlist,false,1,1506556800,39,23,1,5,11656470,21,
korean ,false,2,1505692800,64,51,1,18,14039958,31,
mat,false,3,1501027200,126,107,1,4,28926058,86,
90s,false,4,1401667200,17,16,2,7,4335282,16,
Wedding,false,5,1430956800,80,71,1,3,19156557,56,
I Put A Spell On You,false,6,1477094400,16,15,1,2,3408479,13,
2017,false,7,1509321600,53,52,1,38,12674796,48,
BOP,false,8,1508976000,46,37,2,21,9948921,23,
old country ,false,9,1501804800,21,20,1,10,4297488,18,
abby ,false,10,1509321600,72,60,2,36,16403398,40,
VIBE,false,11,1365379200,134,117,1,16,35655891,99,
relax,false,12,1481587200,9,9,1,3,1981349,9,
sleep,false,13,1509062400,13,13,1,5,3039124,12,
90's ,false,14,1382572800,103,79,1,3,25837498,61,
New Songs,false,15,1432684800,7,5,1,3,1818256,3,
slow hands,false,16,1491696000,105,94,1,45,24695913,81,
Mom's playlist,false,17,1465430400,79,69,1,11,17627215,61,
SARAH,false,18,1507334400,68,66,1,18,15917464,55,
melancholy,false,19,1430956800,85,82,1,54,21627256,70,
mixtape,false,20,1509494400,14,9,3,11,2165531,6,
Sad Songs,false,21,1479081600,15,15,1,8,3709224,15,
fall '17,false,22,1509408000,42,39,2,15,9077152,37,
‚úîÔ∏è,false,23,1506470400,20,16,1,4,5843925,7,
Twenty one pilots,false,24,1475971200,7,5,1,4,1693822,3,
run it,false,25,1488412800,41,38,2,8,9067261,31,
Winter 2014,false,26,1425427200,26,20,1,7,6442086,15,
smooth ,false,27,1508803200,12,11,1,5,2902584,8,
Yeet,false,28,1509062400,81,57,7,26,18831207,37,
groovy,false,29,1506384000,40,39,1,16,8059613,39,
Garage Rock,false,30,1430265600,157,17,1,6,34463029,9,
Running 2.0,false,31,1495324800,97,94,1,34,20594090,83,
acoustic,false,32,1502928000,106,85,1,9,24656509,72,
morning,false,33,1431302400,17,14,1,7,4295055,11,
good good,false,34,1481328000,80,72,1,39,18149784,65,
Good Vibes,false,35,1507593600,70,58,1,56,15247117,52,
 indie rock,false,36,1384732800,9,9,1,3,1895637,5,
Hits,false,37,1456790400,72,69,1,7,16626596,55,
tb,false,38,1503446400,53,51,1,16,12636678,42,
Country,false,39,1479600000,58,34,1,14,12611044,17,
2020,false,40,1490659200,85,80,6,27,18672695,71,
Belters,false,41,1496448000,209,105,1,13,49193451,55,
Road Trippin',false,42,1490572800,158,131,2,51,33759110,106,
Country,false,43,1398124800,21,9,1,5,4581750,9,
taylor swift,false,44,1430611200,33,29,3,18,6837317,21,
angst,false,45,1498521600,76,69,1,5,18755470,54,
Running 2,false,46,1434412800,11,11,1,2,2724593,8,
Spring 2016,false,47,1465084800,15,15,1,15,3857335,14,
Country,false,48,1498176000,32,20,1,12,7163190,13,
Gospel,false,49,1508544000,45,37,1,22,15097154,23,
SB,false,50,1430352000,55,40,1,3,11777971,31,
Kevin,false,51,1489881600,54,36,1,21,12833397,25,
Christmas,false,52,1508976000,15,14,5,2,2647155,10,
NB,false,53,1504656000,105,93,4,8,25223598,75,
Smooth Jazz,false,54,1462665600,5,5,1,4,1185919,4,
Tennessee ,false,55,1488844800,151,74,3,20,33994572,27,
funky,false,56,1475971200,19,18,1,12,5036761,13,
spring 16,false,57,1468022400,19,16,1,12,4593106,15,
Gates,false,58,1379030400,38,4,2,3,7640168,3,
Favorite Songs,false,59,1492905600,136,95,3,53,29179125,57,
Ski,false,60,1492473600,66,64,2,30,16331347,64,
Country,false,61,1478822400,13,9,1,7,2891358,8,
hype,false,62,1505779200,33,32,2,20,8082346,23,
Awesome Mix,false,63,1503532800,38,36,1,2,8507708,34,
Elizabeth,false,64,1465862400,105,73,1,17,21722739,61,
PlayStation,false,65,1509235200,133,108,1,27,27865852,87,
Ashley,false,66,1486425600,81,80,1,4,17574203,72,
chill,false,67,1509148800,8,8,1,5,1676469,7,
xx,false,68,1508976000,174,90,1,20,40691418,47,
art class,false,69,1507161600,18,15,1,11,4255622,13,
Random Tunes,false,70,1394755200,74,59,1,37,16959911,47,
boat,false,71,1472947200,26,24,1,3,5819956,23,
spanish jams,false,72,1471996800,197,139,1,22,44051231,83,
new,false,73,1494028800,34,32,1,12,7571761,31,
CR,false,74,1464998400,5,5,1,2,1420634,5,
Run!!,false,75,1463184000,14,14,2,2,3386398,12,
winter '17,false,76,1494288000,32,31,4,19,6964996,29,
Workout,false,77,1425081600,24,15,1,10,6482548,12,
Traps ,false,78,1495152000,16,15,1,4,5141065,16,
Dope,false,79,1483401600,16,15,1,2,4064642,14,
Chill,false,80,1496793600,66,54,1,10,16146953,30,
rap,false,81,1381795200,64,38,1,11,16180860,24,
Gospel,false,82,1497830400,25,16,1,8,8803027,9,
Florida,false,83,1498348800,69,48,2,4,15764803,22,
Workout2,false,84,1500940800,39,35,1,17,10457609,26,
Gym,false,85,1509235200,72,63,2,33,18025402,45,
Zoned,false,86,1470355200,42,31,1,30,10492328,23,
relax,false,87,1503100800,24,22,1,13,5561220,20,
KPOP,false,88,1507161600,66,34,1,23,14529680,12,
80's,false,89,1489276800,92,85,1,2,23229656,82,
For the Road,false,90,1462233600,103,76,2,5,22433711,41,
R & B,false,91,1428105600,68,54,3,9,18184816,37,
Tom Petty,false,92,1506988800,8,7,1,2,2012078,3,
Catchy Songs,false,93,1495324800,98,82,1,27,21802838,67,
relax,false,94,1495324800,124,112,1,35,27578241,97,chilllll out
roadtrippin,false,95,1506816000,170,133,1,50,40155045,90,
christmas,false,96,1480464000,19,12,1,5,3679250,10,
2012,false,97,1346457600,233,56,1,16,54634292,42,
Dave,true,98,1435881600,81,20,1,8,26901306,3,
bang bang. ,false,99,1493424000,42,38,2,3,8381755,35,
Disneyland,false,100,1403136000,22,12,1,4,4782436,19,
#boostyourrun,false,101,1402876800,22,21,1,2,4922286,21,
LUV,false,102,1508803200,48,14,1,28,10051080,9,uzi
latin,false,103,1508544000,177,133,1,28,43921538,63,
JAMS,false,104,1458604800,65,30,1,7,15475350,26,
~Rando~,false,105,1472601600,115,96,1,10,27285505,82,
Party Rock!!,true,106,1497916800,114,105,1,26,29550753,100,
party people,false,107,1508544000,62,58,2,37,14274383,50,
The Piano Guys,false,108,1396224000,69,10,1,2,16200460,6,
Worship,false,109,1496448000,132,100,1,56,37033649,64,
Brasileiras,false,110,1426723200,33,29,2,5,7720149,19,
country,false,111,1507420800,24,20,1,13,5198964,16,
4/20,true,112,1461110400,65,65,1,10,15714900,61,
2016,false,113,1470096000,19,17,1,4,4225410,14,
Willie,false,114,1502323200,23,16,1,2,4879293,4,
beach,false,115,1507680000,194,148,4,48,43332923,102,
Gold Digger,false,116,1391385600,12,11,1,4,3014754,10,
Fall 2015,false,117,1476489600,13,13,1,7,2935585,13,
dance it out,false,118,1504051200,38,35,1,33,8513051,31,
greek,false,119,1470268800,23,20,1,3,5742787,15,
All the songs,false,120,1444521600,103,70,1,8,20816578,59,
Kyle,false,121,1479945600,168,126,1,31,43372532,82,
HALLOWEEN,false,122,1509408000,20,18,1,3,4496055,20,
w o r k o u t,false,123,1500681600,245,225,1,26,55676545,171,
party music,false,124,1508630400,176,156,2,86,39278419,118,
summer,false,125,1508371200,53,39,1,14,11809365,26,
XXXMas,false,126,1482624000,50,47,1,6,9768248,48,
BBG,true,127,1493683200,26,25,1,3,5549763,24,
bae,false,128,1485129600,18,18,1,10,3875986,17,
oldies,false,129,1434585600,94,84,3,7,22018885,74,
its lit,false,130,1505952000,205,96,2,12,46317403,45,
go to,false,131,1506297600,99,92,1,10,24902583,68,
Killin' It,true,132,1487116800,10,10,1,9,2443305,10,
October 2017,true,133,1508803200,20,19,4,17,4344880,18,
Rap/Pop,false,134,1502841600,233,200,1,53,56753582,141,
1990's ,false,135,1416528000,53,44,1,4,13660732,39,
Rap,false,136,1485648000,32,28,1,14,8207681,22,
GUACAMOLE,false,137,1457308800,24,20,1,6,5543879,20,
14,false,138,1400112000,130,119,1,79,33346619,103,
That New New,false,139,1504396800,44,44,2,26,9799655,40,
Relaxing,false,140,1377043200,71,60,1,25,17565348,52,
sleep,false,141,1503705600,22,22,1,6,5306521,22,
Get It!,false,142,1477008000,109,63,1,26,26629274,47,
bumps,false,143,1489536000,37,23,1,2,8258520,17,
picks,false,144,1434412800,60,52,4,23,14408181,41,
ü§òüèº,false,145,1493078400,46,38,1,3,13089519,14,
Mashup,false,146,1498780800,198,59,2,11,44443762,34,
Ladies,false,147,1431907200,10,9,1,5,2170254,8,
Alt Jams,false,148,1508544000,141,117,1,81,31352547,93,
Reggae/Ska,false,149,1444435200,34,25,3,14,8045907,16,
Top hits,false,150,1463961600,130,98,2,27,28272833,75,
jazzy ,false,151,1508976000,42,41,1,17,9636183,32,
Pop,false,152,1424908800,89,74,1,49,19844176,66,
Emotional,false,153,1481846400,29,27,1,3,7116222,20,
Fall,false,154,1457913600,50,44,1,10,11290220,41,
ouch,false,155,1479168000,24,20,1,9,5759353,20,
Love Music,false,156,1464998400,188,157,2,57,49012499,103,
Bang Bang ,false,157,1491609600,22,22,1,7,4484363,16,
Solitude,false,158,1466640000,102,94,3,12,23064355,86,
feels,false,159,1505433600,33,32,1,4,8912254,27,
Silence,false,160,1493596800,7,7,1,5,1460954,7,
English ,false,161,1476403200,161,118,2,24,37767243,68,
Blues,false,162,1425513600,41,40,1,6,11526358,21,
pump,false,163,1447459200,61,34,1,3,15123038,22,
volleyball playlist ,false,164,1509321600,46,43,5,10,10592578,35,
september ,false,165,1504656000,10,8,2,2,1983622,6,
motown,false,166,1466467200,55,51,7,5,12866664,41,
folky,false,167,1508025600,74,40,3,33,17432543,23,
Rock alternativo,false,168,1432512000,12,11,1,3,2792225,9,
Summer Chill,false,169,1491436800,134,125,2,102,35755512,110,
Rap Classics,false,170,1476144000,52,42,1,2,13356225,29,
My favs,false,171,1502236800,29,21,1,14,6141737,18,
motivational ,false,172,1463011200,41,35,1,13,8937392,33,
Up Beat,false,173,1484784000,95,89,1,17,24626956,70,
Wes Anderson,false,174,1416960000,16,15,1,3,3513542,15,
Love,false,175,1469059200,18,12,1,2,4337022,4,
basic,false,176,1509148800,141,106,1,91,30577508,73,
Another,false,177,1480291200,25,23,1,10,5816378,21,
LIT!!!!!!!,false,178,1506988800,70,53,1,38,15221475,38,
YEET,false,179,1491523200,21,20,2,9,4874193,20,
ü§§ü§§,false,180,1505260800,17,15,1,3,3954876,6,
Summer Playlist,false,181,1502668800,27,27,1,12,5897376,21,
high,false,182,1509321600,171,142,5,70,36797138,110,
Music,false,183,1491004800,85,45,1,17,18325566,28,
Chill Alternative,true,184,1430697600,50,42,1,19,12322340,41,
feelz,false,185,1508630400,121,109,5,63,27409576,90,
Alexia,false,186,1475452800,41,25,1,10,9089382,21,
Mellow.,false,187,1495670400,17,15,1,3,3675299,15,
Britt,false,188,1477526400,17,17,1,6,4500528,17,
Christian Songs,false,189,1507161600,66,40,2,13,20941788,25,
Kendrick Lamar ,false,190,1466985600,70,21,1,13,19890530,11,
jesus jams,false,191,1504656000,22,19,2,11,5141478,11,
Daddy Issues,false,192,1499990400,37,33,1,6,8618956,26,
üî•üî•üî•üî•,false,193,1442102400,14,13,1,6,3161650,12,
sb2k17,false,194,1489536000,130,115,1,6,29136511,92,
Dance,false,195,1490486400,68,63,1,42,16610475,51,
2013,false,196,1469836800,29,29,1,4,7031522,28,
Spring16,false,197,1477699200,57,55,1,19,14156348,53,
soul,false,198,1388275200,25,19,1,4,7654553,23,
Best Songs of 2016,false,199,1481328000,79,53,5,5,19698418,52,
Ladies,false,200,1385424000,14,12,1,5,3174293,10,
Love ,false,201,1504742400,46,42,1,11,9614973,41,
Cash,false,202,1366848000,64,49,1,14,17063915,31,
#Workout,false,203,1486512000,47,45,1,19,10835351,37,
guitar.,false,204,1495238400,10,10,2,8,2158596,10,
running ,false,205,1502668800,49,44,1,21,12113727,40,
Shower,false,206,1476057600,5,5,1,5,1207465,5,
Saturn,false,207,1501891200,44,37,1,4,10601309,29,
Christmas music,false,208,1449619200,90,35,1,25,19029995,31,
Bus playlist,false,209,1508889600,52,41,2,27,11105323,34,
Xmas,false,210,1478995200,123,54,1,6,22073980,50,
My music,false,211,1492646400,79,67,2,21,19732875,45,
Latino,false,212,1491782400,146,115,1,32,32351099,68,
Mumford & Sons,false,213,1505865600,17,9,1,3,3945474,3,
This Is What You Came For,false,214,1503964800,157,141,1,30,35259245,113,
On the Run,false,215,1472947200,41,39,2,8,8787620,34,
Prayer,false,216,1497139200,29,15,1,6,8270009,11,
my country,false,217,1474416000,148,36,1,17,32794865,18,
party playlist,false,218,1504310400,98,93,1,4,21299385,74,
Funky,false,219,1383091200,30,20,1,8,8744086,11,
Musicals,false,220,1506902400,68,19,1,5,15053798,35,
Relax,false,221,1500681600,15,13,1,11,3412812,8,
Wedding,false,222,1425427200,17,17,1,2,3740128,16,
classics,false,223,1505692800,120,106,10,37,29870133,76,
Peace,false,224,1468972800,115,103,3,39,30900252,91,
Volleyball,false,225,1505692800,80,74,1,4,16984247,51,
Madness,false,226,1487030400,111,71,1,6,29662320,47,
ride,false,227,1492214400,55,41,1,32,13509708,26,
before my time,false,228,1500422400,176,170,1,125,44182045,134,
reggae,false,229,1463270400,18,17,1,10,3845941,14,
Summer of love,false,230,1405641600,24,23,2,13,6247266,23,
Everything,false,231,1505001600,229,80,9,45,52092271,40,
Hits,false,232,1508544000,50,47,1,11,10847902,44,
shower ,false,233,1457568000,5,5,1,2,1202613,5,
RUNNIN,false,234,1496620800,43,37,1,14,9846155,30,
My happy place,false,235,1498348800,40,32,1,9,8548120,25,
90s hits,false,236,1498867200,48,46,1,5,11854860,40,
Old songs,false,237,1507766400,92,84,3,41,22046144,67,
Korean,false,238,1502323200,22,17,1,7,4831759,17,
Go to ,false,239,1501804800,124,53,1,4,28533260,20,
Way Up,false,240,1461542400,34,26,1,8,8123185,23,
Tegan and Sara,false,241,1464998400,151,25,18,17,29003627,7,
Atlas,false,242,1484438400,18,16,1,13,3704527,14,
Elisa,false,243,1506384000,123,117,1,16,31295097,92,
Country,false,244,1404000000,67,52,1,24,14984483,33,
90s,false,245,1509408000,62,57,1,14,13380646,56,
eurotrip,false,246,1444780800,67,64,1,9,17113460,60,
Mine,false,247,1431734400,18,12,1,2,3842078,13,
Christmas 2016,false,248,1480723200,25,20,1,2,4917330,17,
Summer,false,249,1382832000,31,30,1,7,6641777,24,
TBT,false,250,1422748800,31,30,1,19,7202128,23,
beachy,false,251,1507680000,28,16,1,10,5951576,16,
country,false,252,1444867200,96,66,1,6,20613122,25,
Drank,false,253,1482969600,78,69,4,23,17563757,53,
Trip,false,254,1491696000,37,28,2,9,8187579,23,
Christmas Mix,false,255,1387152000,32,28,22,3,6772221,25,
TOP,false,256,1409270400,66,50,1,16,15305341,38,
rap god,false,257,1397001600,37,25,1,2,9175936,15,
#Relaxed,false,258,1435622400,38,26,4,5,10909538,15,
blue grass,false,259,1475971200,88,55,1,8,14339409,49,
brad paisley ,false,260,1478476800,55,31,1,4,12997268,17,
summer16,false,261,1494979200,18,18,1,6,4064947,17,
throwback,false,262,1508716800,145,114,1,31,31111329,77,
love,false,263,1497484800,44,40,1,14,9779988,32,
DA,true,264,1501632000,188,181,4,84,45344306,167,
SUMMER 2k17,false,265,1501286400,120,30,1,11,27307206,23,
Awesome mix vol. 1,false,266,1408752000,12,12,1,2,2692382,12,
POP,false,267,1478736000,38,25,1,14,8140922,21,
Road Trip Mix,false,268,1432339200,35,35,1,8,7742394,35,
Indie,false,269,1508457600,27,26,1,25,5684090,23,
Corridos,false,270,1508112000,179,136,2,43,32143449,80,
Mr. Brightside,false,271,1397433600,22,19,1,8,5311731,17,
shower,false,272,1476144000,13,12,1,9,2974104,10,
workout,false,273,1492819200,17,17,1,11,4068227,17,
old people,false,274,1490918400,59,47,1,6,14753814,39,
FUN,false,275,1508889600,66,50,1,30,14507886,44,
üòçüòç,false,276,1491091200,12,11,1,6,2636459,11,
Hockey,false,277,1441843200,46,34,1,3,10832487,25,
dank memes,true,278,1483228800,5,5,1,4,1004632,5,
üéµüéµ,false,279,1467244800,97,81,1,43,22090714,60,
Legendary,false,280,1436832000,55,46,1,7,12732512,27,
mayer,false,281,1505260800,58,18,4,10,17768780,5,
Game Time,false,282,1508544000,34,31,1,13,6825682,27,
car tunes,false,283,1474848000,108,82,1,75,25726813,67,
lit,false,284,1502150400,73,51,1,4,18667177,35,
wrap,false,285,1507852800,99,69,1,38,22954669,43,
Chris,false,286,1492128000,42,40,1,16,10192296,38,
chill beats,false,287,1474243200,26,20,1,9,5852214,14,
kpop,false,288,1468108800,48,37,1,5,11506662,25,
mix,false,289,1443225600,10,9,2,3,2543865,9,
Blackout,false,290,1466726400,35,32,1,5,8039278,25,
country ,false,291,1494374400,70,59,1,6,15999383,37,
Disney,false,292,1508716800,38,13,1,4,6954268,27,
CHRISTMASSSSS,false,293,1450483200,57,16,2,4,11613183,10,
Aux,false,294,1495065600,83,62,1,43,18718099,42,
best christmas,false,295,1322611200,47,35,2,3,9019237,38,
Worship ,false,296,1508198400,35,31,11,19,8320641,26,
broadway,false,297,1482364800,81,7,1,4,15067440,44,
Vibe,false,298,1508457600,49,32,1,5,12429584,19,
Say My Name,false,299,1410393600,34,27,1,5,8138630,15,
car playlist,false,300,1505692800,17,16,1,2,4011284,16,
Music From Baz Luhrmann's Film The Great Gatsby,false,301,1368748800,21,8,1,2,4366453,18,
deep,false,302,1488758400,105,90,1,4,25101830,81,
Tame Impala,false,303,1444176000,43,10,1,2,11513927,3,
<3,false,304,1367712000,48,40,2,10,12463335,29,
Running,false,305,1443657600,26,25,3,9,5593000,19,
mixtape,false,306,1508716800,29,16,1,8,6779280,12,
rawr,false,307,1507507200,24,23,1,3,6253280,20,
lit songs ,false,308,1493683200,17,16,1,3,4150010,16,
upbeat,false,309,1508976000,47,45,1,14,10681914,42,
Good Day,false,310,1435276800,51,43,1,4,12219595,32,
AAA,false,311,1508716800,56,46,1,10,10542273,31,
Line Dances ,false,312,1506124800,23,23,1,9,5397462,22,
Spanish,false,313,1501804800,6,4,1,4,1212478,4,
randoms,false,314,1496102400,38,37,1,6,9505810,23,
Alright,false,315,1487289600,29,26,2,3,6877882,20,
Feelin' Myself,false,316,1487894400,54,49,1,45,13552645,43,
RAP,false,317,1412553600,30,27,2,3,7089317,23,
Covers,false,318,1466899200,11,10,1,5,2610032,9,
Acoustic,false,319,1486080000,63,50,1,2,14326291,38,
chill,false,320,1508284800,26,26,2,19,5542687,25,sit back and chill
bruno mars,false,321,1504828800,31,7,1,2,6725888,3,
stream,false,322,1395100800,35,33,3,2,11012768,29,
mix ,false,323,1466726400,30,22,1,4,7088594,12,
Me Like,false,324,1509494400,74,63,3,21,22279115,40,
Disney Jams,true,325,1445731200,34,18,1,4,6599221,26,
family,false,326,1469923200,101,80,3,7,25182544,51,
Walking on Sunshine,false,327,1463702400,18,18,1,2,3190461,15,
country,false,328,1509148800,123,97,4,93,25668008,48,
trap,false,329,1509148800,89,70,3,26,23258201,41,el espanish trap.
electronic,false,330,1505088000,179,170,1,68,45748141,149,
The Drive,false,331,1507248000,135,118,5,17,33436194,92,
Julion alvarez,false,332,1415664000,60,46,2,23,11843337,29,
studying music,false,333,1418601600,55,37,2,14,13568608,30,
90s alternative,false,334,1466467200,124,101,1,7,29638000,80,
Litty ,false,335,1507939200,143,94,2,15,30444466,57,
oldies but goodies ,false,336,1464652800,5,5,1,2,1170598,4,
More Songs,false,337,1409702400,8,8,1,4,1820885,7,
((chris)),false,338,1503705600,118,80,1,3,28122775,57,
Worship,false,339,1508889600,126,77,4,60,45868016,47,roasty toasty in the holy ghosty
üá≤üáΩüá≤üáΩüá≤üáΩ,false,340,1476489600,23,17,1,7,4539311,15,
( Õ°¬∞ Õú ñ Õ°¬∞),false,341,1509321600,209,165,3,90,50144158,127,
Dance mix,false,342,1473724800,167,127,1,15,43330767,111,
classic ,false,343,1487462400,32,29,1,7,7914593,25,
oldies,false,344,1460505600,35,31,1,4,6545278,23,
NEW,false,345,1498262400,16,6,6,2,4643215,5,
Chill music ,false,346,1505433600,12,12,2,6,2661531,11,
karaoke.,false,347,1368921600,28,13,1,5,6551213,3,
‚ö°Ô∏è‚ö°Ô∏è‚ö°Ô∏è,false,348,1508284800,202,119,1,17,44886478,76,
Road,false,349,1501977600,26,25,1,16,5286771,24,
Latin Trap,false,350,1509494400,83,70,1,5,19787271,40,
Cali,false,351,1471132800,59,54,1,30,13840477,49,
frenchy,false,352,1467763200,28,24,1,7,5482381,18,
Thinking,false,353,1506556800,23,16,3,17,5443704,10,Always thinking...
Cruisin,false,354,1484265600,64,57,1,5,17231492,45,What I listen to crusing on my motorcycle
throw backs,false,355,1509148800,70,62,1,3,15592913,45,
2017,false,356,1508803200,38,25,1,3,7540174,23,
boris,false,357,1509148800,161,151,1,61,41285947,124,
Meow,false,358,1469577600,75,58,1,10,16889187,42,
old songs ,false,359,1508889600,54,52,1,17,12011735,45,
pg,false,360,1507766400,132,121,1,20,29612805,107,
Breezeblocks,false,361,1477612800,79,74,1,53,18559219,63,
Favorite Songs,false,362,1508630400,236,163,1,79,51374372,114,
Classic Rock,false,363,1505865600,101,90,1,29,24867623,58,
Pregame,false,364,1499472000,46,41,1,16,10060589,37,
Chill Rock,false,365,1460332800,128,114,15,18,29409896,90,
High,false,366,1428278400,9,6,1,2,2277105,4,
Guilty pleasure,false,367,1499817600,118,85,1,45,28379452,56,
Everyday,false,368,1507248000,25,15,1,9,5702204,12,
Salsa clasica,false,369,1490400000,60,42,1,14,17456909,26,
CHRISTMAS,false,370,1505520000,44,33,2,7,8161116,27,merry chrysler
quiet,false,371,1496793600,15,15,1,4,3675883,14,
TRIPPIn,false,372,1381795200,10,8,1,2,2478019,7,
happy,false,373,1507939200,63,42,2,13,14549013,36,
oldies,false,374,1503705600,122,111,1,25,28515226,88,
Chill,false,375,1506816000,82,57,1,14,19672852,36,
Studying,false,376,1476662400,88,77,1,49,20937145,66,
Classic,false,377,1366502400,22,12,1,3,4899854,12,
country,false,378,1471564800,69,37,1,7,15202639,15,
Autumnal ,false,379,1383696000,99,75,7,11,22446377,55,
Throwbacks ,false,380,1502668800,134,103,3,23,29808136,67,
Traveling,false,381,1402531200,54,39,1,14,13338999,33,
spin,false,382,1505347200,14,14,2,5,3617477,13,
country 2017,false,383,1505606400,31,30,2,17,6189886,29,
*** good stuff,false,384,1507593600,46,43,2,18,10981819,37,
LM,false,385,1421452800,27,26,1,10,6849369,23,
Chill,false,386,1483833600,23,22,1,5,5174542,16,
sad,false,387,1487376000,5,4,1,3,1002971,3,
Party time,false,388,1366070400,29,28,1,4,7214292,24,
mb,false,389,1509062400,174,161,2,81,37004827,140,
Samba,false,390,1413590400,30,29,1,15,7507260,27,
tears.,false,391,1509148800,68,56,3,18,12322081,47,
Go To,false,392,1408838400,88,78,1,56,20317291,70,
Friday afternoon...,false,393,1504483200,72,49,1,16,15702225,33,
songs that make me think of you ,false,394,1497052800,23,21,1,2,5667027,20,
Congratulations,false,395,1463702400,61,57,1,12,13079525,45,
Party,false,396,1420416000,152,103,1,13,35191686,75,
Random,false,397,1468281600,22,17,1,7,4790006,12,
Comedy,false,398,1409616000,16,12,1,6,4724058,10,
RAVE,false,399,1481846400,28,25,1,2,6903551,18,
summer 2015,false,400,1507161600,40,32,1,17,8172580,30,
GET DOWN,false,401,1508284800,170,162,4,49,35978286,133,
JAZZ,false,402,1481846400,129,99,1,5,44224023,94,
Hype,false,403,1508198400,210,167,4,70,47796786,119,
‚ö°Ô∏è,false,404,1504137600,73,26,1,3,14809281,17,
in my feels,false,405,1509235200,214,168,1,93,49840293,94,
90's,false,406,1484870400,228,130,2,16,57817131,73,
Piano Music,false,407,1430179200,51,9,1,5,11463791,3,
workout mix,false,408,1348704000,9,9,1,6,2161944,8,
90s hip hop,false,409,1508284800,33,28,1,8,8890863,22,
Metal,false,410,1492473600,87,17,1,4,21653950,10,
ashley,false,411,1476662400,169,135,1,80,37973952,104,
Country,false,412,1488499200,189,107,2,22,40797603,69,
Sweat.It.Out.,true,413,1459814400,22,22,1,13,5345965,21,
early 2000's,false,414,1458864000,17,15,1,2,3623844,10,
Get pumped ,false,415,1417392000,12,9,1,5,2473737,6,
West Coast Swing,false,416,1508025600,44,42,1,3,9971391,29,
Rock,false,417,1491436800,17,8,1,4,4516482,6,
june,true,418,1435104000,18,8,1,9,4042078,8,
Roadtrip,false,419,1504137600,121,110,1,25,31247117,87,
Smooth,false,420,1506902400,109,35,1,29,24692333,23,
1967,false,421,1491436800,23,21,1,2,5759204,20,
Old School,false,422,1381104000,55,47,1,3,13301408,28,
New,false,423,1454889600,18,11,1,2,3872886,7,
WORSHIP,false,424,1448236800,122,89,1,32,35954911,62,
Phone,false,425,1507593600,10,10,1,3,2339579,7,
yo,false,426,1509148800,90,69,3,19,20413157,59,
PT,false,427,1503705600,113,100,4,4,25137572,81,
car rides,false,428,1473379200,111,88,1,8,24126961,72,
Music.,false,429,1428019200,41,36,7,19,9498986,33,
Rent,false,430,1481587200,28,2,1,2,5703259,11,
Feels,false,431,1488240000,94,86,1,3,22270488,74,
goldie,false,432,1504742400,84,80,1,51,21216501,74,
Sad songs,false,433,1492387200,29,25,1,9,7444505,21,
DIEGO$,false,434,1448668800,100,67,1,6,24165285,39,
New years,false,435,1420070400,44,35,1,3,10914764,28,
Driving,false,436,1505001600,151,72,2,50,38166653,34,
April,false,437,1473984000,199,157,1,62,44540531,131,
OD,false,438,1509148800,92,84,1,55,23006426,73,
housewarming,false,439,1438128000,174,116,2,8,42572851,77,
car,false,440,1472947200,24,21,1,2,5700465,19,
chill out,false,441,1462665600,203,176,4,46,49593533,141,
rap mix,false,442,1377561600,195,151,4,63,48662391,87,
Kickin it,false,443,1497484800,41,38,2,19,10588977,36,
Chill Out,false,444,1451865600,12,9,1,6,2662059,6,
90s baby,false,445,1425772800,24,21,1,5,5948451,16,
Oldies,false,446,1508544000,42,40,1,13,9061700,36,
Classical,false,447,1409616000,166,39,1,4,35055308,49,
My favorites,false,448,1509408000,26,24,1,15,5695510,23,
Hyphy,false,449,1463961600,16,15,1,6,3853134,13,
Pump up songs,false,450,1506729600,74,56,2,17,15955232,41,
Beautiful Things,false,451,1467504000,22,21,1,7,5792425,19,
dance,false,452,1506211200,77,71,2,20,16804240,59,
my heart,false,453,1506816000,159,124,1,74,37834259,108,
issa playlist,false,454,1509321600,159,82,1,24,35784342,36,
Party,false,455,1508112000,45,42,1,17,10313789,40,
Country,false,456,1508630400,240,139,1,97,51403555,87,
roma,false,457,1442275200,63,58,3,8,14153692,52,
Intro,false,458,1485388800,89,81,1,61,20724857,71,
Dusk,true,459,1506470400,102,87,2,87,24677599,78,
slow,false,460,1509235200,95,89,3,26,22939246,64,
BUST A MOVE,false,461,1497312000,18,18,2,3,4381406,18,
Current jams,false,462,1504051200,51,42,2,12,11622691,33,
Fallout,false,463,1507680000,32,27,1,5,5905301,19,
2017,false,464,1485734400,13,13,1,7,2847637,13,
Punk,false,465,1508544000,140,69,2,9,23574237,20,
Homework,false,466,1473811200,26,17,1,7,5557362,14,
000,false,467,1495584000,130,16,1,3,36302317,17,
Good Times,false,468,1502755200,140,117,4,69,33311177,104,
new stuff,false,469,1509148800,62,20,1,8,13101094,12,
It's Christmas Time!,false,470,1448928000,173,66,1,36,33179507,70,
AA,false,471,1499126400,142,102,1,22,32270515,83,
Chill Sesh,false,472,1505952000,139,68,1,28,32037134,26,
SPRANG,false,473,1495670400,51,41,1,29,12585762,29,
Greatest Hits,false,474,1451520000,24,7,1,4,4029486,3,
elevator music,false,475,1506556800,175,144,1,113,39994234,111,sad
YOU,false,476,1505088000,78,67,1,10,18122170,65,
Reggaeton,false,477,1393113600,12,12,1,2,2417457,12,
Long Car Rides,false,478,1504656000,60,52,1,13,13092323,48,
Country favorites,false,479,1476403200,51,38,1,17,11477824,26,
Chill Out Music,false,480,1450915200,99,78,1,27,22352013,50,
Good songs,false,481,1461801600,22,17,1,6,5323927,11,
hip hop,false,482,1434240000,6,6,2,4,1562705,6,
vibes,false,483,1508371200,241,131,1,9,53978628,69,
INDY,false,484,1482019200,21,20,1,3,4499260,18,
90's,false,485,1383004800,57,53,1,2,14488430,52,
ODESZA,false,486,1498089600,17,5,1,4,3837468,3,
Good stuff,false,487,1506556800,41,40,1,25,9044857,34,
CHRISTMAS MUSIC,false,488,1479081600,36,36,1,3,6544676,33,
Isis,false,489,1488672000,59,42,1,3,12956659,35,
My baby,false,490,1495670400,15,9,1,5,3329570,9,
Melting Pot,false,491,1504137600,218,183,2,129,49468947,156,A little bit of everything
Eminem ,false,492,1461801600,34,15,1,2,10072445,5,
Zombies,false,493,1506038400,58,44,1,17,16276487,36,
Mega Chill,false,494,1478390400,27,27,1,6,6234350,23,
OOOUUU,false,495,1483401600,18,16,1,6,3886228,15,
songs to sing in the shower,false,496,1500508800,20,20,1,6,4431454,20,
Narcos,false,497,1505260800,25,23,1,3,4708341,24,
modern rock,false,498,1382140800,71,41,1,7,16323263,20,
Wedding Dance Party,false,499,1490400000,87,78,1,6,20264434,69,
oldies,false,500,1501113600,28,26,1,3,6483456,24,
regaton ,false,501,1496793600,28,19,1,6,6138290,14,
tbd,false,502,1496620800,52,45,1,24,11001091,43,
Instrumental,false,503,1505260800,25,18,2,10,4395793,16,
Old School ,false,504,1509321600,158,132,1,30,43925879,92,
joSe :),false,505,1496966400,54,40,1,6,13046807,30,
üíÉüèΩ,false,506,1502323200,71,45,1,5,15632980,22,
Feels,false,507,1491091200,32,19,1,9,8142362,13,
favs rn,false,508,1503964800,26,26,2,21,5568007,22,
Chill Songs,false,509,1509408000,85,73,3,56,21298674,55,
feels,false,510,1509148800,36,20,1,2,8397487,16,
üòªüòª,false,511,1481500800,32,22,3,14,7117095,20,
Somber,false,512,1508716800,33,31,1,10,8130764,26,
Sunrise,false,513,1508112000,46,45,1,7,9155649,36,
Mix Tape,true,514,1508803200,31,26,1,4,7108879,17,
FNAF,false,515,1490745600,36,24,2,11,7708849,12,
smooth jams,false,516,1509062400,188,171,13,41,48588746,140,
Best EDM,false,517,1401408000,44,44,1,14,11305008,38,
Worship,false,518,1483660800,14,13,1,3,4044572,12,
hitS,false,519,1456790400,55,53,2,3,12628932,50,
üò≠üò≠,false,520,1507593600,29,27,1,2,6739650,26,
music,false,521,1506643200,127,108,1,45,27364349,85,
Upbeat Songs ,false,522,1507161600,21,21,1,3,4535591,19,"Intense, high testosterone, ground-breaking, floor vibrating, adrenaline pumping EDM music. :&gt;"
HOOD,false,523,1507939200,152,107,2,72,36820002,77,
poop,false,524,1475712000,64,30,1,2,11118596,14,
Tejano,false,525,1491436800,139,67,1,14,28666216,25,
Cinco De Mayo,false,526,1484438400,127,118,6,33,28492715,96,Buenos D√≠as Muchachos
Tripping,false,527,1459123200,49,45,3,15,13221839,32,
New School,false,528,1509148800,137,88,1,20,25752229,42,
now,false,529,1507939200,36,34,2,21,8740289,32,
Electronic Music,false,530,1508457600,51,42,1,15,10931073,23,
2000's ,false,531,1394496000,6,6,1,5,1543972,6,
Sleep,false,532,1491264000,146,104,2,52,36226179,78,
mix,false,533,1483660800,34,9,1,3,7660529,3,
New Music,false,534,1443657600,13,7,1,3,3337982,4,
halcyon,false,535,1359244800,46,11,4,5,12714068,3,
Wedding Cocktail Hour,false,536,1466467200,25,22,1,2,6307309,21,
chill  ,false,537,1498608000,36,30,1,3,8004959,20,
february '17,false,538,1487548800,28,25,2,10,6152042,26,
July 2013,false,539,1373932800,28,28,17,12,6360096,28,
Musica en espa√±ol,false,540,1508889600,52,46,1,28,12236130,31,
SpRiNg BrEaK,false,541,1505088000,33,28,1,6,7853935,25,
vibin',false,542,1505520000,68,63,1,8,16232654,51,
Rock,false,543,1439078400,87,74,1,22,23420250,66,
vibes,false,544,1509408000,77,74,1,43,16052704,72,
Tropical,false,545,1501027200,28,7,1,8,6134043,9,
pregame,false,546,1503014400,50,45,1,2,11605181,36,
whatever,false,547,1446595200,28,25,2,4,7144512,22,
Mix Tape,false,548,1492732800,19,18,1,6,4917985,16,Bumblebee Tuna
Thug,false,549,1505952000,41,35,1,18,9943008,25,
Winter,false,550,1478822400,34,32,1,14,7021790,29,
Sleep~,false,551,1466467200,33,27,1,9,8010074,21,
Country,false,552,1509062400,70,54,1,9,14999951,27,
Reggae,false,553,1492560000,215,106,2,21,51960956,54,
Vibin,false,554,1479600000,149,78,1,11,34293733,51,
older songs,false,555,1492473600,55,55,1,31,12126027,46,
Crossfit,false,556,1467849600,52,44,2,13,12485588,32,
Work,false,557,1508803200,70,68,1,14,16177296,59,
Black,false,558,1494028800,47,36,1,19,11207126,27,
üíõüíõ,false,559,1494547200,238,194,1,48,54172588,133,
Summer Party,false,560,1507075200,178,159,4,54,40357199,117,
chillen,false,561,1370908800,45,36,1,24,11172502,27,
Country summer,false,562,1506556800,97,76,3,23,20561260,38,
Top Hits,false,563,1486425600,14,12,2,6,3111368,12,
cheese,false,564,1507766400,18,9,1,5,2708554,6,
Country,false,565,1500508800,138,110,2,31,31188684,73,
Wedding,false,566,1507766400,16,15,1,2,3268105,14,
14,false,567,1407888000,50,41,3,3,11137339,35,
NICOLE,false,568,1428364800,15,3,1,2,4301677,3,
Relaxing Music,false,569,1502064000,22,20,1,11,5571550,19,
run,false,570,1509148800,23,22,1,18,4908101,22,
Disney!,false,571,1380499200,19,14,1,2,3988434,15,
bounce,false,572,1475971200,177,144,3,29,40128864,115,
Calming Music,false,573,1506384000,81,50,2,12,18296820,24,
kayla,false,574,1446249600,18,16,2,3,3835740,15,
Party mix,false,575,1419120000,45,40,1,3,10530173,31,
wake up,false,576,1508803200,33,31,1,5,7021475,24,
sound,false,577,1492387200,31,26,1,6,7768668,21,
sad,false,578,1474848000,24,13,1,3,5712179,6,
Mya,false,579,1467244800,27,25,2,2,6441285,24,
rock,false,580,1487462400,48,45,1,4,12819026,36,
main playlist,false,581,1471996800,82,59,3,40,18255875,44,
doo wop,false,582,1506988800,63,62,1,24,9647235,62,
nite,false,583,1505779200,60,37,1,28,14688453,23,
Main,false,584,1507161600,192,161,1,70,48057518,113,
üñïüèª,false,585,1499126400,191,166,1,2,43243567,128,
Wandering,false,586,1507507200,205,151,3,84,48386406,120,
Current,false,587,1508976000,10,9,1,11,2061707,9,
Wedding Dance Music,false,588,1498262400,58,57,2,7,13467774,51,
rap,false,589,1509321600,83,65,1,55,19112247,46,
Vibin',false,590,1509321600,54,46,1,23,12272944,34,
dad songs,false,591,1491350400,19,17,1,5,4685643,8,
2015,false,592,1498694400,154,90,3,68,39659165,70,
PARTY PLAYLIST,true,593,1439596800,50,47,1,14,11959181,44,
bomb,false,594,1378252800,31,29,3,5,7454627,18,
spring '17,false,595,1495756800,35,34,1,23,7380665,33,
maY!,false,596,1495756800,59,39,1,21,13723702,30,
Baby Making,false,597,1499644800,55,30,1,3,13258547,18,
ale,false,598,1509148800,40,37,1,24,8640760,32,
Sunny Days,false,599,1468627200,15,15,1,9,3629722,15,
Stuff,false,600,1506384000,149,132,1,56,33196793,94,
Up,false,601,1415491200,35,30,1,14,7986767,29,
Happy Happy Happy,false,602,1486512000,44,40,1,22,9442946,36,
Don't,false,603,1488931200,82,70,1,13,18769628,63,
Lent,false,604,1398384000,23,22,1,19,5148619,19,
turn up,false,605,1496188800,97,66,3,24,20859978,45,
Country,false,606,1478390400,114,81,1,12,23694980,35,
Songs I Like,false,607,1489968000,124,110,3,95,30633014,94,
Spring 2015,false,608,1431388800,99,74,2,35,22443152,67,
classic rock,false,609,1377820800,68,64,1,6,16008992,54,
70/80,false,610,1483660800,54,49,1,2,14049210,28,
Oldies,false,611,1424822400,147,110,1,13,36233599,71,
summer 17,false,612,1505692800,81,68,1,9,17784074,60,
Wedding Songs,false,613,1401321600,43,43,1,5,9861751,35,
indie rock ,false,614,1498694400,62,45,1,36,14907387,38,
Sierre√±o,false,615,1505692800,43,16,3,7,8748346,9,
study,false,616,1483142400,136,111,4,7,32741859,87,
Random,false,617,1418342400,50,41,1,13,11747290,26,
Christmastime,false,618,1448582400,50,9,1,9,9361587,6,
random songs,false,619,1503273600,23,19,1,5,5342656,16,
party,false,620,1494720000,20,19,1,10,4427301,19,
workout,false,621,1509408000,101,69,1,38,23742634,50,
mine,false,622,1504483200,32,29,1,13,7360004,25,
take me back,false,623,1505347200,53,50,2,6,13430043,44,
ROAR,false,624,1427155200,14,4,1,3,2581672,3,
old,false,625,1509235200,90,83,1,31,21621494,58,
teenage angst,false,626,1508198400,120,72,3,54,26324743,53,closeted hypochondriac
Wave,false,627,1508976000,58,52,1,33,13968820,44,
Mixtape,false,628,1462838400,21,20,1,10,4959544,20,
80s,false,629,1506643200,20,18,1,4,4904070,16,
//new,false,630,1509408000,62,56,1,3,13661915,51,
house,false,631,1429747200,61,56,1,25,17638514,38,
ol skool,false,632,1461542400,51,45,1,6,13525669,26,
music,false,633,1509321600,194,107,2,98,40718107,65,
ROCKüé∏,false,634,1508025600,56,51,3,26,13777908,41,
Workout,false,635,1507939200,87,78,2,44,20315610,62,
go-to,false,636,1508889600,78,74,3,48,17115146,69,
Classic,false,637,1495152000,205,187,6,84,53561016,122,
Various Artists ‚Äì Majestic Casual - Chapter I,false,638,1386201600,31,24,1,2,8484680,31,
Grind,false,639,1447545600,42,23,3,14,10811435,16,
America,false,640,1507680000,38,34,1,9,8442162,24,
sleep,false,641,1435363200,8,8,1,2,2199492,8,
rap,false,642,1506643200,104,80,1,43,23171508,58,
VACATION,false,643,1471996800,120,98,1,8,27948831,79,
christmas,false,644,1419465600,32,29,1,2,5999255,30,
Dubstep,false,645,1366416000,29,28,2,17,7787927,25,
Pop,false,646,1500076800,18,18,1,5,3920384,17,
Gym,false,647,1469232000,155,141,2,80,37436319,115,
Mia,false,648,1455235200,134,114,8,23,32272406,87,
Musica,false,649,1508803200,110,70,1,8,26106219,45,
Australia Day,false,650,1390694400,41,40,2,3,9501803,39,
Slay,false,651,1502150400,46,38,1,18,10661944,25,
II,false,652,1508976000,40,36,1,19,9750954,32,
Arab,false,653,1505520000,10,5,1,5,4042536,3,
Take Me Back,false,654,1496361600,44,43,5,10,10709181,36,
Christmas Time,false,655,1480723200,50,34,2,10,9090977,31,
feel good,false,656,1498953600,103,89,1,10,21698803,63,
üòàüòàüòà,false,657,1487721600,124,103,8,52,26763493,76,
Rock,false,658,1509148800,64,53,1,21,17015069,40,
Lifting ,false,659,1491350400,164,126,1,24,34378400,106,
Panda,false,660,1442707200,91,53,2,3,19777780,25,
Car Party,false,661,1498521600,58,55,1,14,13099768,42,
discovered,false,662,1503446400,183,178,5,94,49666604,175,
2000s hits,false,663,1486339200,53,46,1,3,12167420,36,
Workout,false,664,1494115200,17,16,3,6,4274978,14,
recommendations !! ,false,665,1505606400,61,54,2,16,12627140,50,
eclipse,false,666,1503273600,30,28,1,4,7611809,27,
classical,false,667,1388448000,60,28,1,5,24668922,19,
Feel Good,false,668,1455926400,19,19,1,5,4120084,17,
summer 2k17,false,669,1504656000,59,57,2,23,12330426,54,
cake ,false,670,1491955200,47,41,1,7,11507643,29,
lean,false,671,1506038400,62,9,2,5,12802098,3,
Chill,false,672,1443916800,74,56,1,22,18320544,43,
Say You Won't Let Go,false,673,1508889600,156,120,9,50,34939410,88,
Deep Thoughts,false,674,1506470400,29,16,1,5,7211102,8,
Dinner Party,false,675,1507420800,6,6,1,5,1009640,5,
Clubbin,false,676,1420156800,107,91,1,51,26815535,65,
For You,false,677,1489968000,52,45,1,12,13221058,34,
tb,false,678,1456099200,13,6,1,6,2962703,5,
Blues,false,679,1500163200,44,37,1,11,12591911,23,
Country Favorites,false,680,1507852800,235,106,3,9,54799152,48,
Work,false,681,1386633600,16,15,1,2,3881116,11,
twenty sixteen,false,682,1470528000,89,56,1,22,19352924,53,
Life ,false,683,1509148800,185,150,1,23,43502622,90,
Waltz,false,684,1500595200,39,23,1,2,7051357,11,
uhhhh,false,685,1480982400,11,7,1,2,2702997,3,
Throwback,false,686,1442448000,43,4,1,2,9534014,3,
Cinderella,false,687,1502323200,121,108,1,13,27764324,83,
üòçüòçüòç,false,688,1450051200,55,30,1,8,12739933,13,
My Musics,false,689,1495929600,235,201,1,6,49939410,155,
Dark Side,false,690,1487116800,52,48,1,8,11414196,46,
Club,false,691,1503014400,117,82,1,40,27828112,52,
december,false,692,1450051200,19,19,1,6,4284245,19,
chill time,false,693,1508630400,74,64,2,24,15706786,51,
PARTY ,false,694,1509321600,190,140,1,48,48786515,80,
three,false,695,1415577600,20,17,1,4,4444821,19,
Alternativo ,false,696,1457136000,32,26,1,21,7086556,18,
Partay,false,697,1508889600,89,77,1,28,19365645,62,
rock songs,false,698,1500940800,14,11,2,3,3627449,10,
Lulu,false,699,1506556800,183,150,2,83,41477384,133,
Amy,false,700,1504915200,72,57,1,19,17319215,41,
Old songs ,false,701,1490918400,38,37,1,15,10178516,28,
Wedding Cocktail Hour,true,702,1405987200,23,21,1,2,4597865,19,
ALT,false,703,1449187200,198,180,1,63,45821977,172,
Drake,false,704,1498348800,220,96,1,46,55454339,48,
Wedding,false,705,1481068800,23,22,1,15,5604771,17,
MY FAV,false,706,1494374400,5,5,1,2,1008292,5,
party,false,707,1455667200,10,10,1,4,2186968,9,
pop,false,708,1463011200,43,42,3,15,9395168,38,
winter,false,709,1488412800,24,24,1,22,5311158,23,
my favorite songs,false,710,1479600000,8,4,2,3,1782858,3,
yoga,true,711,1509062400,9,9,1,3,2636272,9,
classic,false,712,1504742400,122,113,1,50,34147242,87,
Cody,false,713,1433635200,83,53,1,21,19341106,30,
raw,false,714,1485043200,55,37,2,12,12212703,30,
Band Music,false,715,1499385600,44,29,3,10,14771305,25,
Rave,false,716,1508803200,35,34,1,10,7487981,31,
Throwbacks,false,717,1506643200,56,55,1,3,13118525,46,
Swing,false,718,1494460800,24,11,1,3,5718853,6,
CARDIO,false,719,1465862400,88,9,1,2,8941719,7,
PARTY 1,false,720,1340150400,51,46,2,3,11999709,41,
throwback,false,721,1492560000,40,35,1,8,9229731,25,
running,false,722,1507420800,68,65,1,48,15947956,56,
Wet Dreamz,false,723,1499126400,19,17,1,5,4595425,14,
roadtrip üöó,false,724,1503964800,106,83,1,2,24839332,65,
Feels,false,725,1509235200,33,21,2,7,7336109,8,
dubstep,false,726,1492473600,23,22,1,14,6167484,20,
Rock en espa√±ol ,false,727,1502064000,56,49,1,21,14441367,38,
summer country,false,728,1434758400,48,42,2,8,9932312,31,
Pop,false,729,1430352000,104,97,1,37,23456397,77,
lit,false,730,1509321600,133,103,1,50,28331164,91,
Best of 2016,false,731,1482192000,104,75,1,20,28277577,70,
country,false,732,1508630400,14,11,1,7,3024234,9,
rap,false,733,1448928000,91,65,3,46,21415521,41,
2000s r&b,false,734,1506384000,117,100,1,4,28437764,62,
my songs ,false,735,1480550400,46,39,1,20,11397414,35,
Not Rap,false,736,1438732800,28,22,1,3,6671217,19,
fuego,false,737,1509062400,35,29,1,17,7650968,26,
spanish ,false,738,1442361600,15,10,1,10,3790756,6,
Best,false,739,1435190400,42,39,3,11,10523041,35,
will,false,740,1509062400,195,137,3,18,49344651,72,
Chill,false,741,1484697600,40,20,2,2,8268004,7,I listen to this at the moment. Try a couple songs from each artist to see how you like them.
Holiday Party,false,742,1481155200,31,17,1,5,5964742,16,
New ish,false,743,1509148800,245,168,1,131,57648694,103,
Running,false,744,1508630400,75,71,1,26,17577615,57,
Mad Men,false,745,1371254400,70,68,1,4,12585034,64,
EBM,false,746,1507766400,21,15,1,12,5825144,12,
2000s,false,747,1507420800,79,74,1,11,18601789,61,
Disney,false,748,1500422400,85,29,1,8,14585036,66,
Buena Vista Social Club,false,749,1383696000,36,4,1,2,9527681,4,
Summer 2016,false,750,1467072000,33,24,2,4,7288529,19,
xmas party,false,751,1456185600,150,136,2,51,34151580,115,
for you,false,752,1508284800,138,89,1,3,31521556,62,
Luke,false,753,1448928000,26,26,1,2,5925277,26,
L O V E ,false,754,1509235200,88,67,1,19,20780240,51,
Summer Country,false,755,1494201600,50,38,1,7,11396880,24,
kitchen,false,756,1499040000,18,18,1,10,4459168,15,
Yeah,false,757,1410220800,16,15,1,12,3359795,12,
Britney,false,758,1494115200,35,32,1,2,8001919,32,
ghetto,false,759,1476921600,28,22,1,10,6379515,20,
HARDCORE WORKOUT,false,760,1503273600,110,82,1,27,24626349,58,
#mood,false,761,1487808000,39,18,2,9,8527771,15,
Gospel Mix,false,762,1506816000,45,33,1,17,12776721,20,
Turnt,false,763,1462060800,36,31,1,11,8428187,24,
GOOD MUSIC ,false,764,1509062400,18,17,1,2,4471587,15,
Tangled,false,765,1499040000,81,37,1038,15,15112167,59,
music,false,766,1508889600,85,64,1,19,19218683,47,
The Mix,false,767,1509062400,149,72,1,32,37324571,42,Just a big mix of music
Fun,false,768,1370217600,73,21,1,15,18923675,14,
Elliot,false,769,1497830400,157,138,1,67,34553175,123,
summer 2016,false,770,1469750400,67,66,1,26,14712101,54,
Classical favorites,false,771,1483315200,6,4,1,3,2047905,4,
no,false,772,1412640000,20,17,1,3,3861715,16,
4th of july,false,773,1498867200,126,114,1,4,29527994,80,
Sugar,false,774,1370995200,16,11,1,2,3576468,10,
vibin,false,775,1419724800,24,23,2,12,5567327,21,
ha,false,776,1451952000,35,15,1,3,8111527,9,
christmas,false,777,1482364800,19,17,1,4,4151649,15,
electro,false,778,1508544000,16,13,1,2,3718999,13,"but actually electric, teenage songs"
00s,false,779,1496361600,85,62,1,9,20563322,46,
Rage,false,780,1452643200,23,22,1,3,5516260,15,
New jams,false,781,1487548800,121,11,1,2,31118595,5,
Main Playlist,false,782,1486425600,235,194,1,95,54713205,134,
Christmas,false,783,1450915200,17,11,1,3,3368165,10,
Cruising,false,784,1485561600,10,10,2,6,2394320,10,
Girl Power,false,785,1496534400,55,51,2,5,13069216,44,
Summer 2016,false,786,1504915200,59,51,1,31,14198994,46,
Baes,false,787,1452556800,7,7,1,2,1805998,7,
ATL,false,788,1486252800,30,23,1,2,7948938,13,
Soulful  ,false,789,1441065600,29,23,1,2,8070680,17,
üò¥üò¥,false,790,1507766400,20,20,3,10,4241859,17,
Country,false,791,1476748800,48,29,1,3,10750810,14,
Pitch Perfect,false,792,1407196800,16,3,1,2,2275342,9,
feels,false,793,1503187200,90,83,4,31,21382504,67,
siesta,true,794,1446422400,28,17,2,5,5892847,10,
Shape of You,false,795,1491177600,9,9,2,2,1914114,9,
Country,false,796,1508371200,48,42,1,23,10056945,36,
Workout,false,797,1509321600,47,37,1,40,10142356,33,
mellow,false,798,1499212800,34,29,1,9,7910361,21,
Helene,false,799,1506038400,33,24,1,5,8202120,17,
Christian music,false,800,1457481600,8,7,1,2,2091648,4,
Runaway,false,801,1484265600,57,53,1,39,14488716,51,
work music,true,802,1474416000,94,15,1,6,25831390,9,
Country,false,803,1508630400,204,128,1,62,43421679,67,
Good Stuff,false,804,1496448000,86,81,1,10,20908133,62,
car playlist ,false,805,1479340800,12,10,1,8,2638772,9,
2K14,false,806,1414800000,143,121,3,26,34849426,89,
Summer drives,false,807,1439164800,75,67,1,6,16875684,51,
üí∏üí∏,false,808,1446163200,113,30,1,7,27581867,16,
Country,false,809,1469232000,15,15,1,8,3250849,10,
road trip ,false,810,1499731200,10,7,1,4,2237697,7,
musicals,false,811,1434240000,234,21,1,5,46448007,59,
Throwback,false,812,1441324800,112,53,2,18,21656971,46,
ease ~,false,813,1508112000,41,35,1,7,8563173,31,
Groovy,false,814,1499644800,45,44,2,17,11396490,44,
WORKOUT,false,815,1449273600,189,180,1,6,42936735,149,
Easy Listening ,false,816,1444780800,97,85,1,22,21676960,68,
Cancun,false,817,1450396800,53,44,1,13,12480160,33,
Star Wars,false,818,1494806400,14,12,1,3,2868245,5,The best from the movies
 CHiLl,false,819,1479600000,21,21,1,5,4594018,21,
jan 2015,false,820,1424131200,17,17,1,3,3494895,16,
feel good,false,821,1493856000,24,24,1,7,5151514,22,
explicit,false,822,1506384000,165,107,1,72,36971214,73,
Broadway Baby,false,823,1508371200,120,23,1,3,26510292,54,
Worship,false,824,1448409600,24,19,2,17,7481073,17,
pregame,false,825,1474070400,78,70,6,4,17771865,58,
Hawaii,false,826,1448150400,19,16,1,2,4370484,13,
Roadtrip,false,827,1491782400,24,24,1,4,5967277,15,
.jams.,false,828,1469836800,18,17,1,4,4064674,16,
The Classics,false,829,1501891200,35,28,2,7,12196214,15,
Heat,false,830,1498953600,16,14,1,6,3222010,12,
My hits,false,831,1509235200,76,69,2,59,16449976,54,
Fix You,false,832,1449792000,27,22,1,3,6103083,15,
I workout!,false,833,1393200000,128,97,1,4,27697847,73,
Disney,false,834,1435708800,19,14,2,6,3732421,18,
everything,false,835,1504915200,207,157,1,9,48926806,103,
boujee,false,836,1506470400,19,17,1,2,3999213,16,
Country Mix,false,837,1426032000,18,18,1,7,4015752,17,
bird,false,838,1495670400,121,66,2,73,29197826,42,
Camp,false,839,1468454400,69,61,1,5,14518491,53,
rap,false,840,1505692800,117,52,3,27,26981820,39,
Deb,false,841,1488499200,111,17,1,3,25135565,11,
christmas,false,842,1479340800,136,19,1,7,27175214,9,
2016,false,843,1508025600,221,193,3,78,48585388,148,
nostalgia,false,844,1487289600,150,86,1,12,33568346,55,
english,false,845,1431302400,12,12,1,2,2911434,11,
empty,false,846,1505433600,27,15,1,4,5756548,4,
The Good Stuff,false,847,1457654400,211,121,1,56,50294546,85,
Local,false,848,1507075200,200,141,2,126,49717490,101,
chill,false,849,1506816000,101,77,3,68,25884968,58,
Litüî•üî•,false,850,1499299200,53,51,1,4,12265773,36,
Indie Stuff,false,851,1507075200,17,14,1,4,4241888,9,
chill,false,852,1431993600,49,49,1,35,11639639,45,
 Frozen,false,853,1394841600,59,3,2,2,7744568,10,
HER,false,854,1509408000,218,167,3,37,54136863,102,
Gospel,false,855,1508198400,73,57,4,42,24098628,39,
songs to dance to,false,856,1476576000,16,16,1,5,3492144,15,
study,false,857,1509235200,132,112,2,36,28867643,106,
summer 16',false,858,1492128000,96,90,1,25,21620089,78,
Hungover,false,859,1497916800,179,147,1,42,42753000,117,
work,false,860,1493424000,50,43,1,17,12286033,39,
Christmas Favorites,false,861,1491782400,64,48,4,18,11146474,42,
mood music,false,862,1482710400,14,12,1,2,3767219,11,
good vibes,false,863,1502064000,48,47,1,14,10463771,47,
I like these songs,false,864,1393113600,72,69,1,37,18798519,56,
Cha Cha,false,865,1506038400,36,31,1,7,7703622,30,
Worship,false,866,1505952000,91,42,2,26,33080913,30,
PURPLE,false,867,1506211200,54,49,1,22,13703082,41,
April 2016,false,868,1462579200,22,22,1,12,4999906,21,
My Heart,false,869,1493683200,37,30,1,18,8765681,25,
recovery,false,870,1457308800,47,41,1,12,11309492,35,
space jams,false,871,1501113600,25,11,2,3,4523189,7,songs that make me want to be better
bored,false,872,1509321600,29,25,1,25,6091075,23,
Volleyball,true,873,1476057600,31,28,1,9,7936491,25,
Mixed,false,874,1507766400,133,70,1,30,33793856,45,
Jammin,false,875,1441584000,42,21,1,3,9150473,12,
Chidas,false,876,1436400000,68,43,2,33,16582784,34,
ELECTRONICAS,false,877,1508803200,85,82,1,24,17181746,58,
new new,false,878,1508025600,9,6,1,5,1996675,5,
Country,false,879,1497744000,241,133,1,38,50341906,71,
Working Out,false,880,1393977600,26,21,1,10,6211312,18,
EDC,false,881,1497484800,62,48,1,2,14597634,35,
run 2,false,882,1444780800,6,6,1,4,1384776,6,
Office,false,883,1471824000,82,74,1,2,18696030,49,
Songs I Love,false,884,1473120000,41,38,2,35,9151970,36,
SEPTEMBER 2017,false,885,1506643200,59,54,1,5,14042586,48,
BUMP,false,886,1509408000,225,137,2,21,52613668,77,
Reception,false,887,1409961600,66,63,1,22,15285499,57,
Old Rock,false,888,1442880000,22,20,1,10,5887643,17,
Edward Sharpe & The Magnetic Zeros,false,889,1435622400,35,6,1,3,8272231,3,
Two,false,890,1382313600,6,6,1,4,1718302,6,
Good music ,false,891,1461888000,7,7,1,4,1724810,6,
1980's,false,892,1435881600,11,11,8,2,3003906,11,
Country,true,893,1422057600,135,98,1,14,29696098,42,
playlist,false,894,1474848000,20,19,1,8,4413536,14,
Throwbacks,false,895,1424304000,137,83,1,6,31869941,52,
Classic Country,false,896,1485907200,207,141,6,6,44548821,58,
Thuggin,false,897,1479945600,70,10,1,4,16408701,9,
trending,false,898,1436918400,45,42,1,28,10891819,39,
Relax,false,899,1509062400,54,48,1,20,12802175,34,
My High-Intensity Workout,false,900,1504828800,14,14,1,2,3659376,10,
Sundays,false,901,1474588800,47,42,3,4,13208416,37,
sunday,false,902,1505088000,42,36,1,6,9451263,24,
Oldies,false,903,1506556800,66,64,1,13,14511221,61,
dance yrself clean,false,904,1422835200,26,22,2,4,7765445,18,
Sleep Music,false,905,1365897600,11,7,1,2,2442207,7,
DISCOVER,false,906,1463270400,30,30,1,2,5044396,30,
Lit,false,907,1507852800,113,103,1,27,25090570,78,
old but good,false,908,1506038400,53,51,2,6,11656243,43,
Awesome,false,909,1454803200,14,10,1,4,2917328,6,
Pump up,false,910,1459987200,87,47,2,2,21314596,20,
BEST SONGS EVER,false,911,1502064000,41,28,1,10,8388914,28,
old school,false,912,1506902400,90,73,2,45,22637299,65,
PARTY,false,913,1502841600,134,118,1,13,31388970,91,
dance,false,914,1508112000,71,70,1,57,16432020,60,
Alternative,false,915,1501804800,8,6,2,3,1871236,6,
Rock,false,916,1500249600,89,68,1,8,24591942,30,
Summer '16,false,917,1478822400,40,38,1,14,9008766,36,
Pearl Jam,false,918,1383955200,162,12,1,2,43003986,8,
petrichor,false,919,1501891200,48,45,1,7,11480569,42,
LITT ,false,920,1486944000,146,142,1,13,31814633,127,
Rock,false,921,1480636800,112,57,1,9,25827393,35,
Baby shower,false,922,1478822400,12,12,1,2,2472526,12,
beautiful,false,923,1500422400,36,32,1,12,8340370,30,
mine,false,924,1501977600,103,56,1,38,23720395,40,
John's Playlist,false,925,1508976000,75,70,1,10,18541223,60,&lt;Insert catchy description here&gt;
rock,false,926,1508112000,61,55,1,21,14618370,47,
Oldies,false,927,1504569600,65,60,2,8,13131762,37,
vibin,false,928,1503878400,10,9,1,4,2217770,8,
Move,false,929,1429747200,18,17,1,4,4142432,17,
Seduction,false,930,1478131200,120,97,1,24,34682579,63,
Fire,false,931,1442275200,54,46,1,6,11746828,42,
halloweenie,false,932,1509321600,35,30,1,5,7729111,33,
Reception,true,933,1457481600,47,47,1,12,9746258,44,
Love,false,934,1485648000,36,30,1,8,9696452,22,
Rock,false,935,1496016000,44,40,1,11,12324961,32,
Worship,false,936,1491091200,37,29,3,25,11239296,18,
hayley,true,937,1419811200,26,26,1,6,6073195,26,
Inspiration,false,938,1490140800,56,54,1,9,13517594,53,
<3,false,939,1505433600,35,21,1,12,7806717,16,
Playlist,false,940,1489449600,49,36,2,7,10964833,34,
2k17,false,941,1505433600,140,82,1,61,30712867,55,
R&B classics,false,942,1468713600,94,75,3,6,23837606,45,
Fall 2015,false,943,1482278400,92,79,1,34,20275508,75,
hoe anthems,false,944,1496966400,31,27,2,5,6970595,21,
the mix,false,945,1509408000,26,16,1,5,5355947,14,
summer '17,false,946,1506124800,119,68,1,61,25345670,52,
nashville,false,947,1468800000,10,10,1,3,2183323,9,
Christmas songs ,false,948,1449705600,63,7,1,3,14325817,7,
jamz,false,949,1479081600,74,71,1,36,16786449,68,
Summer 2016,false,950,1471996800,55,54,2,14,11815189,49,
stuff,false,951,1425340800,9,6,1,4,2229106,3,
The Greatest,false,952,1442707200,10,8,1,4,2395154,5,
#chill,false,953,1460764800,70,59,2,44,15388277,51,
country,false,954,1441152000,24,24,1,8,5344096,18,
country ,false,955,1442707200,224,120,1,30,49978310,55,
Classical,false,956,1425168000,75,32,1,22,18718684,22,
disney bops,false,957,1477180800,39,23,1,2,7188894,15,
top down,false,958,1469577600,17,17,2,2,3861463,17,
Rap Songs,false,959,1507507200,21,21,1,19,4772474,21,
Chillout ,false,960,1509235200,59,57,1,42,18568996,51,
Gospel,false,961,1404518400,53,36,1,11,14449011,25,
MERICA,false,962,1466294400,80,52,1,38,17831472,35,
Dubstep ,false,963,1465171200,10,10,1,2,2353881,8,
KILLA,false,964,1509235200,135,109,1,59,30889047,78,
hey,false,965,1482192000,97,47,1,29,21868096,33,
mello,false,966,1493251200,12,12,1,3,2805925,12,
spanish,false,967,1449360000,11,11,1,4,2244462,8,
death,false,968,1507680000,162,131,4,88,35918107,73,
Marshall ,false,969,1500076800,35,31,2,5,8984013,28,
Summer 2014,false,970,1407196800,79,56,1,24,17996632,50,
Rap it up,false,971,1506470400,57,46,1,11,12750541,36,
Slow Stuff,false,972,1444003200,133,110,1,3,35127057,77,
flow,false,973,1502236800,17,14,1,6,4045052,14,
Maui,false,974,1447977600,140,110,1,12,33074974,71,
Lit af,false,975,1466380800,21,15,1,6,4848999,13,
Neo,false,976,1380499200,16,11,1,4,4692356,6,
summer playlist,false,977,1469232000,133,116,1,8,28795617,105,
Dancehall,false,978,1504915200,126,105,1,37,26607391,54,
new,false,979,1476489600,221,181,1,178,47162649,148,
Gym,false,980,1509408000,214,183,3,90,48909656,123,
Chill,false,981,1478476800,35,29,1,10,7749913,22,
nc,false,982,1462665600,56,53,1,11,13926435,47,
2pac,false,983,1487376000,100,24,1,26,27207422,8,
Pump up,false,984,1509494400,203,150,1,50,48616835,78,
Party Playlist,false,985,1468886400,79,63,1,8,19433173,37,
New Music,false,986,1406160000,69,60,1,13,15491200,58,
Dancing on my own,true,987,1505952000,172,69,1,2,36983438,35,
New,false,988,1474243200,14,12,1,8,3261685,10,
David,true,989,1508803200,33,31,1,24,7254125,26,
Michelle ,true,990,1507420800,87,84,1,5,20637964,74,
Bad and Boujee,false,991,1486944000,19,17,1,3,4261773,17,
R&B,false,992,1508371200,126,106,1,29,31829172,73,
üåàüåàüåà,false,993,1508112000,38,24,1,18,8986743,21,
FALL 2013,false,994,1386979200,61,38,1,26,14914634,35,
old,false,995,1507852800,41,40,1,8,9917901,36,
Daze,false,996,1479254400,17,17,1,13,3699248,15,
rap,false,997,1410307200,119,98,1,63,27538723,82,
Country,false,998,1507939200,108,75,1,37,24950143,40,
thinking of you,false,999,1507766400,44,43,1,34,9065801,37,
